Bus,NameplateMvar,Feasible,PF,MinV_pu,MaxV_pu,ActualInjectedMvar
611,1.53046769660547,1,0.964345879463539,0.95,1,1.43639058177045
632,2.9249554771796,1,0.99178431642107,0.95,1,2.88211745953496
634,2.89032966719358,1,0.991647778199895,0.95,1.00809972812981,2.937341058013
645,2.9144105195195,1,0.991581546982696,0.95,1.00303982419756,2.93215604145841
646,2.90651784820586,1,0.991444571472442,0.95,1.01027183815193,2.96653507866443
652,1.53951889517372,1,0.964860778705757,0.95,1,1.44234771999959
671,1.53518692849023,1,0.963813883371107,0.95,1,1.41700753418381
675,1.34692411981475,1,0.95,0.952072070027067,1,1.23850170548709
692,1.34417719057543,1,0.95,0.951985709952355,1,1.24080565135231
