Number,Name,Area Name,Nom kV,PU Volt,Volt (kV),Angle (Deg),Gen MW,Gen Mvar,Load MW,Load Mvar,Dist MW,Dist Mvar,Switched Shunts Mvar,Act G Shunt MW,Act B Shunt Mvar,Area Num,Zone Num
611,611,1,4.16,0.91696,3.815,-4.04,,,0.17,0.08,0,0,,0,0,1,1
632,632,1,4.16,0.95325,3.966,-2.21,,,0.1,0.06,0,0,,0,0,1,1
633,633,1,4.16,0.95061,3.955,-2.25,,,,,,,,0,0,1,1
634,634,1,0.48,0.94946,0.456,-2.3,,,0.4,0.29,0,0,,0,0,1,1
645,645,1,4.16,0.94934,3.949,-2.23,,,0.17,0.13,0,0,,0,0,1,1
646,646,1,4.16,0.94804,3.944,-2.24,,,0.23,0.13,0,0,,0,0,1,1
650,650,1,4.16,1,4.16,0,3.6,2.51,,,,,,0,0,1,1
652,652,1,4.16,0.91608,3.811,-3.99,,,0.13,0.09,0,0,,0,0,1,1
671,671,1,4.16,0.91988,3.827,-4,,,1.25,0.72,0,0,,0,0,1,1
675,675,1,4.16,0.90983,3.785,-4.55,,,0.84,0.46,0,0,,0,0,1,1
680,680,1,4.16,0.91317,3.799,-4.36,,,,,,,,0,0,1,1
684,684,1,4.16,0.91815,3.82,-4.02,,,,,,,,0,0,1,1
692,692,1,4.16,0.90861,3.78,-4.53,,,0.17,0.15,0,0,,0,0,1,1
